RT1_unspliced1;GGTCTCTCTGGTTAGACCAGATCTGAG;GACAAATACTGGGACAGCTACAACCATC
RT2_unspliced2;GGTCTCTCTGGTTAGACCAGATCTGAG;GAAGCGGAGACAGCGACGAA
RT2_Vif2_RT3_Vif1;GGTCTCTCTGGTTAGACCAGATCTGAG;GAAGCGGAGACAGCGACGAA
RT2_Vif3_RT3_Vif6;GGTCTCTCTGGTTAGACCAGATCTGAG;GAAGCGGAGACAGCGACGAA
RT2_Vif4_RT3_Vif9;GGTCTCTCTGGTTAGACCAGATCTGAG;GAAGCGGAGACAGCGACGAA
RT2_Vif5_RT3_Vif8;GGTCTCTCTGGTTAGACCAGATCTGAG;GAAGCGGAGACAGCGACGAA
RT2_Vif7;GGTCTCTCTGGTTAGACCAGATCTGAG;GAAGCGGAGACAGCGACGAA
RT2_Vpr3_RT3_Vpr1;GGTCTCTCTGGTTAGACCAGATCTGAG;GAAGCGGAGACAGCGACGAA
RT2_Vpr4_RT3_Vpr2;GGTCTCTCTGGTTAGACCAGATCTGAG;GAAGCGGAGACAGCGACGAA
RT2_Env1_RT3_Nef2;GGTCTCTCTGGTTAGACCAGATCTGAG;GAAGCGGAGACAGCGACGAA
RT2_Env9_RT3_Nef4;GGTCTCTCTGGTTAGACCAGATCTGAG;GAAGCGGAGACAGCGACGAA
RT2_Env2_RT3_Rev1;GGTCTCTCTGGTTAGACCAGATCTGAG;GAAGCGGAGACAGCGACGAA
RT2_Env3_RT3_Rev2;GGTCTCTCTGGTTAGACCAGATCTGAG;GAAGCGGAGACAGCGACGAA
RT2_Env17_RT3_Nef9;GGTCTCTCTGGTTAGACCAGATCTGAG;GAAGCGGAGACAGCGACGAA
RT2_Env5_RT3_Nef3;GGTCTCTCTGGTTAGACCAGATCTGAG;GAAGCGGAGACAGCGACGAA
RT2_Env13_RT3_Nef5;GGTCTCTCTGGTTAGACCAGATCTGAG;GAAGCGGAGACAGCGACGAA
RT2_Env18_RT3_Rev13;GGTCTCTCTGGTTAGACCAGATCTGAG;GAAGCGGAGACAGCGACGAA
RT2_Env10_RT3_Rev7;GGTCTCTCTGGTTAGACCAGATCTGAG;GAAGCGGAGACAGCGACGAA
RT2_Env19_RT3_Nef12;GGTCTCTCTGGTTAGACCAGATCTGAG;GAAGCGGAGACAGCGACGAA
RT2_Env11_RT3_Rev8;GGTCTCTCTGGTTAGACCAGATCTGAG;GAAGCGGAGACAGCGACGAA
RT2_Env14_RT3_Rev10;GGTCTCTCTGGTTAGACCAGATCTGAG;GAAGCGGAGACAGCGACGAA
RT2_Env15_RT3_Rev11;GGTCTCTCTGGTTAGACCAGATCTGAG;GAAGCGGAGACAGCGACGAA
RT2_Env12_RT3_Rev9;GGTCTCTCTGGTTAGACCAGATCTGAG;GAAGCGGAGACAGCGACGAA
RT2_Env6_RT3_Rev4;GGTCTCTCTGGTTAGACCAGATCTGAG;GAAGCGGAGACAGCGACGAA
RT2_Env7_RT3_Rev5;GGTCTCTCTGGTTAGACCAGATCTGAG;GAAGCGGAGACAGCGACGAA
RT2_Env4_RT3_Rev3;GGTCTCTCTGGTTAGACCAGATCTGAG;GAAGCGGAGACAGCGACGAA
RT2_Env8_RT3_Rev6;GGTCTCTCTGGTTAGACCAGATCTGAG;GAAGCGGAGACAGCGACGAA
RT2_Env20_RT3_Nef11;GGTCTCTCTGGTTAGACCAGATCTGAG;GAAGCGGAGACAGCGACGAA
RT2_Tat5_RT3_Tat1;GGTCTCTCTGGTTAGACCAGATCTGAG;GAAGCGGAGACAGCGACGAA
RT2_Tat6_RT3_Tat2;GGTCTCTCTGGTTAGACCAGATCTGAG;GAAGCGGAGACAGCGACGAA
RT2_Tat7_RT3_Tat3;GGTCTCTCTGGTTAGACCAGATCTGAG;GAAGCGGAGACAGCGACGAA
RT2_Tat8_RT3_Tat4;GGTCTCTCTGGTTAGACCAGATCTGAG;GAAGCGGAGACAGCGACGAA
RT2_Tat12_RT3_Tat9;GGTCTCTCTGGTTAGACCAGATCTGAG;GAAGCGGAGACAGCGACGAA
RT3_Tat10;GGTCTCTCTGGTTAGACCAGATCTGAG;GAAGCGGAGACAGCGACGAA
RT3_Tat11;GGTCTCTCTGGTTAGACCAGATCTGAG;GAAGCGGAGACAGCGACGAA
RT3_Tat13;GGTCTCTCTGGTTAGACCAGATCTGAG;GAAGCGGAGACAGCGACGAA
RT3_Tat15;GGTCTCTCTGGTTAGACCAGATCTGAG;GAAGCGGAGACAGCGACGAA
RT3_Tat16;GGTCTCTCTGGTTAGACCAGATCTGAG;GAAGCGGAGACAGCGACGAA
RT3_Rev12;GGTCTCTCTGGTTAGACCAGATCTGAG;GAAGCGGAGACAGCGACGAA
RT3_Nef16;GGTCTCTCTGGTTAGACCAGATCTGAG;GAAGCGGAGACAGCGACGAA
RT3_Nef15;GGTCTCTCTGGTTAGACCAGATCTGAG;GAAGCGGAGACAGCGACGAA
RT3_Nef19;GGTCTCTCTGGTTAGACCAGATCTGAG;GAAGCGGAGACAGCGACGAA
RT3_Nef20;GGTCTCTCTGGTTAGACCAGATCTGAG;GAAGCGGAGACAGCGACGAA
RT3_Nef22;GGTCTCTCTGGTTAGACCAGATCTGAG;GAAGCGGAGACAGCGACGAA
RT3_Nef23;GGTCTCTCTGGTTAGACCAGATCTGAG;GAAGCGGAGACAGCGACGAA
RT3_sORF1;GGTCTCTCTGGTTAGACCAGATCTGAG;GAAGCGGAGACAGCGACGAA
RT3_sORF3;GGTCTCTCTGGTTAGACCAGATCTGAG;GAAGCGGAGACAGCGACGAA
